hashed_filename,original_title
50b7ab222a374d238a3566a2e2f19d8e.pdf,2501.07572v3.pdf
8f62e4edd07341c0aeede1dd5264d78a.pdf,2505.22648v3.pdf
d862e83271a645b5b8669c76312fff26.pdf,2507.02592v1.pdf
44c494298ef9494ab46568c7995ae3f7.pdf,2508.05748v3 (1).pdf
39899a7996c6455bbc590ba8cf868950.pdf,2508.05748v3.pdf
a42d8e2cfe484b56a64cd94e0184d2b5.pdf,2509.13313v1.pdf
451f2246d1fe471190bd5c7d8cf40cb3.pdf,2509.13312v1.pdf
e2a4dc0160de411ba010fce4de112e9e.pdf,2509.13305v1.pdf
a451ceee708044a28ab111bd6a4c149d.pdf,2509.13310v1.pdf
ff8d1a5bf4f64161b758b4eb6db76e0b.pdf,2509.13309v1.pdf
53637afd6d154d668012f753fdb5b0cf.pdf,chatgpt_agent_system_card.pdf
0af87de9b75e4b08be87afbdf70b592f.md,OptionsStructurer.md
69149758f10d45a6ab0ed8757db48149.md,EvidenceVerifier.md
f8efcefe774d4ace99b2775213165e1e.md,PolicyWatcher.md
8f8464d250154d428138a123671675dc.md,TableComposer.md
0f5b91e87ff949e78681c8f45ed2bde6.md,Publisher.md
844aad45365a4aee9c2c943705865458.md,SignalSynthesizer.md
3a6ef47777e040dc84b06a7def49f7c8.md,ClusterScorer.md
636f583cace049dc95c725973b9adeae.md,RegulatoryImpactModeler.md
15538f8cc8254d5c9cee1fe3fb96c418.md,DataIngestor.md
218c10f8303144a3a52ce8ae8db804cb.md,SovereigntyGuard.md
c49ba042ecda4d3197d468b2afd38526.md,DollarImpactCalculator.md
cd856f7acbbe44a6a331fe4ec950c215.md,Publisher.md
63431294fd9848219be4e4955aa205c6.md,report_template.md
3b98193e2e1b4f87b9dc2a8c90752e9a.md,report_template.md
1c81b2782c3c404a857bbf943790ce4b.md,UnifiedSuperprompt_v3.md
cec369845b554b0ebe68ee044ec58dd7.md,LearningLoop.md
41fe16e2bbf949b8b2503a5132b333ba.md,AuditPackager.md
aab7cd1fd2b34378b4062ccabe71f9ba.md,RiskSizer.md
ba4939f9cf52457f9d4be7740c47b745.md,RiskSizer.md
f76f3dddfdf341299d53238b31f9d2b0.md,RiskSizer.md
4e3339b14a8b4149b0b107dc3bf89c0e.md,TripwireEvaluator.md
e46378a8a50e48cb96748f15f808dfca.txt,Sovereignty_License.txt
